_id,Applies to,Column,Diversity extract?,Notes,Site extract?,Type,Validation,Value guaranteed to be non-empty?
68,Study,Study_name,Yes, ,Yes,String,Unique within Source_ID.,Yes
71,Study,Diversity_metric_unit,Yes, ,Yes,String, ,Yes
87,Site,Sample_midpoint,Yes,Mid-point of Sample_start_earliest and Sample_end_latest; In the form YYYY-MM-DD.,Yes,Date,,Yes
97,Site,Km_to_nearest_edge_of_habitat,Yes,Distance in km to the nearest edge of habitat supporting high diversity. A negative value indicates that the Site was within the high-diversity habitat.,Yes,Number, ,No
96,Site,Use_intensity,Yes,"One of:
*    Minimal use
*    Light use
*    Intense use
*    Cannot decide",Yes,String, ,Yes
113,Site,N_samples,No,The number of samples at this Site.,Yes,Integer,0 <= value,Yes
77,Study,Study_common_taxon,Yes,"The Kingdom, Phylum, Class, Order, Family, Genus or Species that is common to all taxa within this Study. Empty for Studies that examined taxa in multiple kingdoms.",Yes,String, ,No
115,Taxon,Taxon_name_entered,Yes,Name of the taxon as provided by the data contributor.,No,String,Unique within Study.,Yes
72,Study,Diversity_metric_type,Yes,"One of:
*    Abundance
*    Occurrence
*    Species richness",Yes,String, ,Yes
106,Site,UN_region,Yes,Coordinates matched to a World Borders GIS polygon.,Yes,String, ,Yes
66,Data Source,Reference,Yes,Reference for the Data Source in the main text.,Yes,String, ,Yes
78,Study,Rank_of_study_common_taxon,Yes,The lowest taxonomic Rank that is common to all taxa within this Study. Empty for Studies that examined taxa in multiple kingdoms.,Yes,String, ,No
129,Taxon,Best_guess_binomial,Yes,"COL did not recognize all of the Latin binomials that were given to us so we employed the following scheme:
*    The value of the Species column if Rank contains 'Species'
*    The first two words of the Species column if Rank contains 'Infraspecies'
*    The first two words of the Parsed_name column if Rank contains neither 'Infraspecies' nor 'Species' and Parsed_name contains two or more words
*    Empty in other cases",No,String,,No
74,Study,Diversity_metric_is_suitable_for_Chao,Yes, ,Yes,Logical, ,Yes
84,Site,SSBS,Yes,"Concatenation of Source_ID, Study_number, Block and Site_number.",Yes,String,,Yes
118,Taxon,Taxon,Yes,Matching taxon in the Catalogue of Life 2013 checklist (COL; Roskov et al. 2013).,No,String,,Yes
70,Study,Diversity_metric,Yes, ,Yes,String, ,Yes
65,Data Source,Source_ID,Yes,ID for the Data Source.,Yes,String,Unique.,Yes
67,Study,Study_number,Yes, ,Yes,Integer,Between 1 and n for n Studies within Data Source. Unique within Source_ID.,Yes
122,Taxon,Kingdom,Yes,From COL.,No,String,,Yes
86,Site,Sample_end_latest,Yes,In the form YYYY-MM-DD.,Yes,Date,Value greater than or equal to Sample_start_earliest.,Yes
80,Site,Site_name,Yes,"Where requested by data providers, the names of some Sites have been replaced with 'Site ' + Site_number.",Yes,String,Unique within Study.,Yes
88,Site,Sample_date_resolution,Yes,"One of:
*    day
*    month
*    year",Yes,String, ,Yes
100,Site,Coordinates_method,Yes,"One of:
*    Direct from publication / author
*    Georeferenced",Yes,String,,Yes
117,Taxon,Parsed_name,Yes,The result of parsing Taxon_name_entered.,No,String,,Yes
82,Site,SSS,Yes,"Concatenation of Source_ID, Study_number and Site_number.",Yes,String,,Yes
75,Study,Sampling_method,Yes, ,Yes,String, ,Yes
85,Site,Sample_start_earliest,Yes,In the form YYYY-MM-DD.,Yes,Date, ,Yes
92,Site,Rescaled_sampling_effort,Yes,"Sampling effort rescaled to be between 0 and 1 within the Study i.e., Sampling_effort / max(Sampling_effort for this Study).",Yes,Number,If present a value greater than zero.,No
126,Taxon,Family,Yes,From COL.,No,String,,Yes
83,Site,SSB,Yes,"Concatenation of Source_ID, Study_number and Block.",Yes,String,,Yes
93,Site,Habitat_as_described,Yes,"Free text description of habitat. Where requested by data providers, the habitat descriptions of some Sites have been removed from the data extract.",Yes,String,,No
81,Site,Block,Yes,"Within a Study either:
*    Empty for all Sites
*    Non-empty for all Sites and at least two different values among Sites",Yes,Integer, ,No
107,Site,Ecoregion_distance_metres,Yes,"If zero, Site latitude and longitude were within the matching Terrestrial ecoregions of the world (The Nature Conservancy 2009) GIS polygon. If greater than zero, the value is the distance in metres to the nearest ecoregions GIS polygon.",Yes,Number, ,Yes
98,Site,Years_since_fragmentation_or_conversion,Yes,Years since fragmentation or conversion to present land cover (Primary habitat) or since start of recovery (Secondary habitat).,Yes,Number,"If non-empty, a value greater than zero and less than 500.",No
101,Site,Longitude,Yes,"Where requested by data providers, the coordinates for some Sites have been removed from the data extract.",Yes,Number,-180 <= value <= 180,No
91,Site,Sampling_effort,Yes,"In units given in Sampling_effort_unit. Where sampling effort did not vary among sites within a study, we set the Sampling_effort to 1.",Yes,Number,If present a value greater than zero.,No
102,Site,Latitude,Yes,"Where requested by data providers, the coordinates for some Sites have been removed from the data extract.",Yes,Number,-90 <= value <= 90,No
94,Site,Predominant_land_use,Yes,"One of:
*    Primary vegetation
*    Young secondary vegetation
*    Intermediate secondary vegetation
*    Mature secondary vegetation
*    Secondary vegetation (indeterminate age)
*    Plantation forest
*    Pasture
*    Cropland
*    Urban
*    Cannot decide

This column was named 'Predominant_habitat' in Hudson et al 2014.",Yes,String,,Yes
95,Site,Source_for_predominant_land_use,Yes,"One of:
*    Direct from publication / author
*    Google maps
*    Other aerial or satellite image

This column was named 'Source_for_predominant_habitat' in Hudson et al 2014.",Yes,String,,No
108,Site,Ecoregion,Yes,Coordinates matched to an ecoregions GIS polygon.,Yes,String, ,Yes
131,Taxon,Higher_taxon,Yes,The higher-taxonomic group that this taxon belongs to.,No,String,,No
69,Study,SS,Yes,Concatenation of Source_ID and Study_number.,Yes,String, ,Yes
73,Study,Diversity_metric_is_effort_sensitive,Yes, ,Yes,Logical, ,Yes
109,Site,Biome,Yes,Coordinates matched to an ecoregions GIS polygon.,Yes,String, ,Yes
103,Site,Country_distance_metres,Yes,"If zero, Site latitude and longitude were within the matching World Borders 0.3 (Thematic Mapping 2008) GIS polygon. If greater than zero, the value is the distance in metres to the nearest WorldBorders GIS polygon.",Yes,Integer, ,Yes
104,Site,Country,Yes,Coordinates matched to a World Borders GIS polygon.,Yes,String, ,Yes
105,Site,UN_subregion,Yes,Coordinates matched to a World Borders GIS polygon.,Yes,String, ,Yes
99,Site,Transect_details,Yes,"Free text. Where requested by data providers, the transect details of some Sites have been removed from the data extract.",Yes,String, ,No
114,Taxon,Taxon_number,Yes,,No,Integer,Between 1 and n for n taxa within Study.,Yes
79,Site,Site_number,Yes, ,Yes,Integer,Between 1 and n for n Sites within Study. Unique within Study.,Yes
76,Study,Sampling_effort_unit,Yes, ,Yes,String, ,Yes
128,Taxon,Species,Yes,From COL.,No,String,,Yes
116,Taxon,Indication,Yes,A free-text description of the higher taxonomic group of this taxon.,No,String,,No
124,Taxon,Class,Yes,From COL.,No,String,,Yes
125,Taxon,Order,Yes,From COL.,No,String,,Yes
90,Site,Habitat_patch_area_square_metres,Yes,Habitat_patch_area expressed in square metres.,Yes,Number, ,No
119,Taxon,COL_ID,Yes,The ID of Taxon in COL.,No,Integer,,Yes
112,Site,Wilderness_area,Yes,Coordinates matched to a high biodiversity wilderness areas (Mittermeier et al. 2003) GIS polygon. Empty if Site did not fall within a wilderness area polygon.,Yes,String,,No
110,Site,Realm,Yes,Coordinates matched to an ecoregions GIS polygon.,Yes,String, ,Yes
132,Measurement,Measurement,Yes,"The biodiversity measurement of the Taxon at the Site in the Study, in units of Diversity_metric_unit.",No,Number,0 <= value,Yes
89,Site,Max_linear_extent_metres,Yes,The maximum linear extent of sampling in metres.,Yes,Number,If present a value greater than zero.,No
133,Measurement,Effort_corrected_measurement,Yes,"Where Diversity_metric_is_effort_sensitive is TRUE, the biodiversity measurement corrected for sampling effort (i.e., Measurement / Rescaled_sampling_effort). Where Diversity_metric_is_effort_sensitive is FALSE, the same value as Measurement.",No,Number,0 <= value,Yes
111,Site,Hotspot,Yes,Coordinates matched to a biodiversity hotspots (Conservation International Foundation 2011) GIS polygon. Empty if Site did not fall within a hotspot polygon.,Yes,String, ,No
121,Taxon,Rank,Yes,From COL.,No,String,,Yes
127,Taxon,Genus,Yes,From COL.,No,String,,Yes
120,Taxon,Name_status,Yes,From COL.,No,String,,Yes
130,Site,Higher_taxa,No,"Comma-separated list of higher taxonomic groups studied at this Site. Empty if either no taxa measured at the Site were sufficiently well resolved for a higher taxonomic group to be computed, or if no taxa were detected at the Site.",Yes,String, ,No
123,Taxon,Phylum,Yes,From COL.,No,String,,Yes
